LineId,SubstationId1,SubstationId2,VoltageLevelId1,VoltageLevelId2,BusId1,BusId2,R,X,G1,B1,G2,B2
NHV1_NHV2_1,P1,P2,VLHV1,VLHV2,NHV1,NHV2,3.00000,33.0000,0.00000,0.000193000,0.00000,0.000193000
NHV1_NHV2_2,P1,P2,VLHV1,VLHV2,NHV1,NHV2,3.00000,33.0000,0.00000,0.000193000,0.00000,0.000193000